{"2": 5.144923210144043, "4": 0.44850850105285645, "6": 0.31794071197509766, "8": 0.6103641986846924, "10": 0.733989953994751, "12": 0.6761798858642578, "14": 1.280825138092041, "16": 2.295001268386841, "18": 11.414023876190186, "20": 35.63497185707092}