{"acceptance":{"iters":[0,1,2,3,4,5,6,7,8,9,10,11,12,13,14,15,16,17,18,19,20,21,22,23,24,25,26,27,28,29,30,31,32,33,34,35,36,37,38,39,40,41,42,43,44,45,46,47,48,49,50,51,52,53,54,55,56,57,58,59,60,61,62,63,64,65,66,67,68,69,70,71,72,73,74,75,76,77,78,79,80,81,82,83,84,85,86,87,88,89,90,91,92,93,94,95,96,97,98,99,100,101,102,103,104,105,106,107,108,109,110,111,112,113,114,115,116,117,118,119,120,121,122,123,124,125,126,127,128,129,130,131,132,133,134,135,136,137,138,139,140,141,142,143,144,145,146,147,148,149,150,151,152,153,154,155,156,157,158,159,160,161,162,163,164,165,166,167,168,169,170,171,172,173,174,175,176,177,178,179,180,181,182,183,184,185,186,187,188,189,190,191,192,193,194,195,196,197,198,199,200,201,202,203,204,205,206,207,208,209,210,211,212,213,214,215,216,217,218,219,220,221,222,223,224,225,226,227,228,229,230,231,232,233,234,235,236,237,238,239,240,241,242,243,244,245,246,247,248,249,250,251,252,253,254,255,256,257,258,259,260,261,262,263,264,265,266,267,268,269,270,271,272,273,274,275,276,277,278,279,280,281,282,283,284,285,286,287,288,289,290,291,292,293,294,295,296,297,298,299],"value":[0.151268115942029,0.1253522544283414,0.09264291465378421,0.165811191626409,0.18911030595813205,0.16576086956521738,0.04111312399355878,0.20244565217391305,0.004730273752012883,0.009259259259259259,0.0,0.0,0.0,0.0,0.0,0.0,0.0,0.0,0.0,0.0,0.0,0.0,0.0,0.0,0.0,0.0,0.0,0.0,0.0,0.0,0.0,0.0,0.0,0.0,0.0,0.0,0.0,0.0,0.0,0.0,0.0,0.0,0.0,0.0,0.0,0.0,0.0,0.0,0.0,0.0,0.0,0.0,0.0,0.0,0.0,0.0,0.0,0.0,0.0,0.0,0.0,0.0,0.0,0.0,0.0,0.0,0.0,0.0,0.0,0.0,0.0,0.0,0.0,0.0,0.0,0.0,0.0,0.0,0.0,0.0,0.0,0.0,0.0,0.0,0.0,0.0,0.0,0.0,0.0,0.0,0.0,0.0,0.0,0.0,0.0,0.0,0.0,0.0,0.0,0.0,0.0,0.0,0.0,0.0,0.0,0.0,0.0,0.0,0.0,0.0,0.0,0.0,0.0,0.0,0.0,0.0,0.0,0.0,0.0,0.0,0.0,0.0,0.0,0.0,0.0,0.0,0.0,0.0,0.0,0.0,0.0,0.0,0.0,0.0,0.0,0.0,0.0,0.0,0.0,0.0,0.0,0.0,0.0,0.0,0.0,0.0,0.0,0.0,0.0,0.0,0.0,0.0,0.0,0.0,0.0,0.0,0.0,0.0,0.0,0.0,0.0,0.0,0.0,0.0,0.0,0.0,0.0,0.0,0.0,0.0,0.0,0.0,0.0,0.0,0.0,0.0,0.0,0.0,0.0,0.0,0.0,0.0,0.0,0.0,0.0,0.0,0.0,0.0,0.0,0.0,0.0,0.0,0.0,0.0,0.0,0.0,0.0,0.0,0.0,0.0,0.0,0.0,0.0,0.0,0.0,0.0,0.0,0.0,0.0,0.0,0.0,0.0,0.0,0.0,0.0,0.0,0.0,0.0,0.0,0.0,0.0,0.0,0.0,0.0,0.0,0.0,0.0,0.0,0.0,0.0,0.0,0.0,0.0,0.0,0.0,0.0,0.0,0.0,0.0,0.0,0.0,0.0,0.0,0.0,0.0,0.0,0.0,0.0,0.0,0.0,0.0,0.0,0.0,0.0,0.0,0.0,0.0,0.0,0.0,0.0,0.0,0.0,0.0,0.0,0.0,0.0,0.0,0.0,0.0,0.0,0.0,0.0,0.0,0.0,0.0,0.0,0.0,0.0,0.0,0.0,0.0,0.0,0.0,0.0,0.0,0.0,0.0,0.0,0.0,0.0,0.0,0.0,0.0,0.0,0.0,0.0,0.0,0.0,0.0,0.0]},"Energy":{"iters":[0,1,2,3,4,5,6,7,8,9,10,11,12,13,14,15,16,17,18,19,20,21,22,23,24,25,26,27,28,29,30,31,32,33,34,35,36,37,38,39,40,41,42,43,44,45,46,47,48,49,50,51,52,53,54,55,56,57,58,59,60,61,62,63,64,65,66,67,68,69,70,71,72,73,74,75,76,77,78,79,80,81,82,83,84,85,86,87,88,89,90,91,92,93,94,95,96,97,98,99,100,101,102,103,104,105,106,107,108,109,110,111,112,113,114,115,116,117,118,119,120,121,122,123,124,125,126,127,128,129,130,131,132,133,134,135,136,137,138,139,140,141,142,143,144,145,146,147,148,149,150,151,152,153,154,155,156,157,158,159,160,161,162,163,164,165,166,167,168,169,170,171,172,173,174,175,176,177,178,179,180,181,182,183,184,185,186,187,188,189,190,191,192,193,194,195,196,197,198,199,200,201,202,203,204,205,206,207,208,209,210,211,212,213,214,215,216,217,218,219,220,221,222,223,224,225,226,227,228,229,230,231,232,233,234,235,236,237,238,239,240,241,242,243,244,245,246,247,248,249,250,251,252,253,254,255,256,257,258,259,260,261,262,263,264,265,266,267,268,269,270,271,272,273,274,275,276,277,278,279,280,281,282,283,284,285,286,287,288,289,290,291,292,293,294,295,296,297,298,299],"Mean":[-4.053568839272629,-9.254554672819815,-10.958949875646276,-14.128500965576304,-16.627666308695275,-18.198224096868323,-8.626809286978872,-16.387940717896825,-53374718.05685434,-8.5,-8.5,-8.5,-8.5,-8.5,-8.5,-8.5,-8.5,-8.5,-8.5,-8.5,-8.5,-8.5,-8.5,-8.5,-8.5,-8.5,-8.5,-8.5,-8.5,-8.5,-8.5,-8.5,-8.5,-8.5,-8.5,-8.5,-8.5,-8.5,-8.5,-8.5,-8.5,-8.5,-8.5,-8.5,-8.5,-8.5,-8.5,-8.5,-8.5,-8.5,-8.5,-8.5,-8.5,-8.5,-8.5,-8.5,-8.5,-8.5,-8.5,-8.5,-8.5,-8.5,-8.5,-8.5,-8.5,-8.5,-8.5,-8.5,-8.5,-8.5,-8.5,-8.5,-8.5,-8.5,-8.5,-8.5,-8.5,-8.5,-8.5,-8.5,-8.5,-8.5,-8.5,-8.5,-8.5,-8.5,-8.5,-8.5,-8.5,-8.5,-8.5,-8.5,-8.5,-8.5,-8.5,-8.5,-8.5,-8.5,-8.5,-8.5,-8.5,-8.5,-8.5,-8.5,-8.5,-8.5,-8.5,-8.5,-8.5,-8.5,-8.5,-8.5,-8.5,-8.5,-8.5,-8.5,-8.5,-8.5,-8.5,-8.5,-8.5,-8.5,-8.5,-8.5,-8.5,-8.5,-8.5,-8.5,-8.5,-8.5,-8.5,-8.5,-8.5,-8.5,-8.5,-8.5,-8.5,-8.5,-8.5,-8.5,-8.5,-8.5,-8.5,-8.5,-8.5,-8.5,-8.5,-8.5,-8.5,-8.5,-8.5,-8.5,-8.5,-8.5,-8.5,-8.5,-8.5,-8.5,-8.5,-8.5,-8.5,-8.5,-8.5,-8.5,-8.5,-8.5,-8.5,-8.5,-8.5,-8.5,-8.5,-8.5,-8.5,-8.5,-8.5,-8.5,-8.5,-8.5,-8.5,-8.5,-8.5,-8.5,-8.5,-8.5,-8.5,-8.5,-8.5,-8.5,-8.5,-8.5,-8.5,-8.5,-8.5,-8.5,-8.5,-8.5,-8.5,-8.5,-8.5,-8.5,-8.5,-8.5,-8.5,-8.5,-8.5,-8.5,-8.5,-8.5,-8.5,-8.5,-8.5,-8.5,-8.5,-8.5,-8.5,-8.5,-8.5,-8.5,-8.5,-8.5,-8.5,-8.5,-8.5,-8.5,-8.5,-8.5,-8.5,-8.5,-8.5,-8.5,-8.5,-8.5,-8.5,-8.5,-8.5,-8.5,-8.5,-8.5,-8.5,-8.5,-8.5,-8.5,-8.5,-8.5,-8.5,-8.5,-8.5,-8.5,-8.5,-8.5,-8.5,-8.5,-8.5,-8.5,-8.5,-8.5,-8.5,-8.5,-8.5,-8.5,-8.5,-8.5,-8.5,-8.5,-8.5,-8.5,-8.5,-8.5,-8.5,-8.5,-8.5,-8.5,-8.5,-8.5,-8.5,-8.5,-8.5,-8.5,-8.5,-8.5,-8.5,-8.5,-8.5,-8.5,-8.5,-8.5,-8.5,-8.5,-8.5,-8.5,-8.5,-8.5,-8.5,-8.5,-8.5,-8.5,-8.5,-8.5,-8.5,-8.5],"Variance":[40.59039956890744,26.281568463325076,23.088834460089757,20.907482447696868,17.214240715319416,17.100899440243342,10.085361795139411,121.89493017664385,2.914383658777068e18,3.75,3.75,3.75,3.75,3.75,3.75,3.75,3.75,3.75,3.75,3.75,3.75,3.75,3.75,3.75,3.75,3.75,3.75,3.75,3.75,3.75,3.75,3.75,3.75,3.75,3.75,3.75,3.75,3.75,3.75,3.75,3.75,3.75,3.75,3.75,3.75,3.75,3.75,3.75,3.75,3.75,3.75,3.75,3.75,3.75,3.75,3.75,3.75,3.75,3.75,3.75,3.75,3.75,3.75,3.75,3.75,3.75,3.75,3.75,3.75,3.75,3.75,3.75,3.75,3.75,3.75,3.75,3.75,3.75,3.75,3.75,3.75,3.75,3.75,3.75,3.75,3.75,3.75,3.75,3.75,3.75,3.75,3.75,3.75,3.75,3.75,3.75,3.75,3.75,3.75,3.75,3.75,3.75,3.75,3.75,3.75,3.75,3.75,3.75,3.75,3.75,3.75,3.75,3.75,3.75,3.75,3.75,3.75,3.75,3.75,3.75,3.75,3.75,3.75,3.75,3.75,3.75,3.75,3.75,3.75,3.75,3.75,3.75,3.75,3.75,3.75,3.75,3.75,3.75,3.75,3.75,3.75,3.75,3.75,3.75,3.75,3.75,3.75,3.75,3.75,3.75,3.75,3.75,3.75,3.75,3.75,3.75,3.75,3.75,3.75,3.75,3.75,3.75,3.75,3.75,3.75,3.75,3.75,3.75,3.75,3.75,3.75,3.75,3.75,3.75,3.75,3.75,3.75,3.75,3.75,3.75,3.75,3.75,3.75,3.75,3.75,3.75,3.75,3.75,3.75,3.75,3.75,3.75,3.75,3.75,3.75,3.75,3.75,3.75,3.75,3.75,3.75,3.75,3.75,3.75,3.75,3.75,3.75,3.75,3.75,3.75,3.75,3.75,3.75,3.75,3.75,3.75,3.75,3.75,3.75,3.75,3.75,3.75,3.75,3.75,3.75,3.75,3.75,3.75,3.75,3.75,3.75,3.75,3.75,3.75,3.75,3.75,3.75,3.75,3.75,3.75,3.75,3.75,3.75,3.75,3.75,3.75,3.75,3.75,3.75,3.75,3.75,3.75,3.75,3.75,3.75,3.75,3.75,3.75,3.75,3.75,3.75,3.75,3.75,3.75,3.75,3.75,3.75,3.75,3.75,3.75,3.75,3.75,3.75,3.75,3.75,3.75,3.75,3.75,3.75,3.75,3.75,3.75,3.75,3.75,3.75,3.75,3.75,3.75,3.75,3.75,3.75,3.75,3.75,3.75,3.75,3.75,3.75,3.75,3.75,3.75],