{"2": 8.709052801132202, "4": 9.469855546951294, "6": 13.492998600006104, "8": 16.377998113632202, "10": 18.60735321044922, "12": 21.271066904067993, "14": 22.198204040527344, "16": 28.033591985702515, "18": 29.13327717781067, "20": 32.086403608322144, "22": 34.960365772247314, "32": 50.585325956344604, "42": 72.9587025642395, "52": 106.51022863388062, "62": 140.38161826133728, "72": 173.74981570243835, "82": 231.58450436592102, "92": 283.56453371047974, "102": 360.6448345184326}