{"2": 8.719973802566528, "4": 10.512898921966553, "6": 10.851471185684204, "8": 12.082565307617188, "10": 17.977758646011353, "12": 19.228848218917847, "14": 22.570369005203247, "16": 27.152908086776733, "18": 28.53925323486328, "20": 30.712952375411987, "22": 32.73666501045227, "32": 44.83639335632324, "42": 63.0262234210968, "52": 85.37196135520935, "62": 110.96268105506897, "72": 129.64781427383423, "82": 170.41937565803528, "92": 198.74267959594727, "102": 231.72619009017944}